T,time_ms,speedup,efficiency,result
1,309,1,1,4261412864
2,154,2.00649,1.00325,4261412864
3,144,2.14583,0.715278,4261412864
4,95,3.25263,0.813158,4261412864
5,109,2.83486,0.566972,4261412864
6,94,3.28723,0.547872,4261412864
7,93,3.32258,0.474654,4261412864
8,78,3.96154,0.495192,4261412864
