T,time_ms,speedup,efficiency,result
1,297,1,1,4261412864
2,431,0.689095,0.344548,4261412864
3,326,0.911043,0.303681,4261412864
4,270,1.1,0.275,4261412864
5,315,0.942857,0.188571,4261412864
6,269,1.10409,0.184015,4261412864
7,252,1.17857,0.168367,4261412864
8,220,1.35,0.16875,4261412864
